{
  "cpm_python": 0.6646216146182269,
  "cpm_cython": 0.03353962856344879,
  "cpm_speedup": 19.816009988331416,
  "tmm_python": 0.08308220403268933,
  "tmm_cython": 0.026681701000779868,
  "tmm_speedup": 3.113827114330565
}