{
  "speedup": {
    "cpm_python_mean": 0.408177177188918,
    "cpm_python_std": 0.004491657720174416,
    "cpm_cython_mean": 0.004491587508131157,
    "cpm_cython_std": 0.00016971215058955166,
    "cpm_speedup": 90.87592670742617,
    "tmm_python_mean": 0.20544848064045337,
    "tmm_python_std": 0.01415646841901002,
    "tmm_cython_mean": 0.027632741850208153,
    "tmm_cython_std": 0.00015197510548043742,
    "tmm_speedup": 7.434965438976363
  },
  "scaling": {
    "gene_sizes": [
      1000,
      5000,
      10000,
      20000,
      50000
    ],
    "cpm_python": [
      0.020219664516237874,
      0.09929909793815266,
      0.19672375420729318,
      0.3938777636891852,
      1.0514639247752104
    ],
    "cpm_python_std": [
      2.6029609380733893e-05,
      0.0019421170448121739,
      0.0004660401892014816,
      0.0003545677150763131,
      0.010108062236300192
    ],
    "tmm_python": [
      0.002224517520517111,
      0.007239670027047396,
      0.013384969516967734,
      0.2396132490442445,
      0.8124546580171833
    ],
    "tmm_python_std": [
      1.3528651981862804e-05,
      1.9678196975503142e-05,
      0.0001088407928596608,
      0.016334239711916002,
      0.06697559545690698
    ],
    "cpm_cython": [
      0.00012022598336140315,
      0.0006297666889925798,
      0.0017991696950048208,
      0.004318568157032132,
      0.020240398007445037
    ],
    "cpm_cython_std": [
      2.707582181483066e-06,
      1.1477986394924943e-05,
      3.4302013307024175e-05,
      0.00019747593229404374,
      0.00024791584022306953
    ],
    "tmm_cython": [
      0.0012682843953371048,
      0.006389458353320758,
      0.013070196146145463,
      0.02694633963983506,
      0.0816408076401179
    ],
    "tmm_cython_std": [
      3.1739179342745757e-06,
      6.327471789397585e-06,
      9.047102212847587e-05,
      9.785804767363343e-05,
      0.00032079575533587525
    ]
  }
}